@ID,X.12TH.GENDER,SU Race,X.12TH.FGEN.FLAG,X.12TH.FY.COHORT,X.12TH.TR.COHORT,X.12TH.PELL.FLAG
3331718,M,WHI,,16/FA,,
3339968,M,AS,,18/FA,,
3350865,F,WHI,,,18/FA,
3347020,F,HIS,Y,18/FA,,Y
3332501,F,WHI,,16/FA,,
3331842,M,MUL,Y,16/FA,,
3334814,F,WHI,,16/FA,,
3340444,M,HIS,,17/FA,,
3330811,F,WHI,,16/FA,,
3350075,F,WHI,,18/FA,,
3326631,F,WHI,,15/FA,,
3336394,M,WHI,,,17/FA,
3350854,M,WHI,,18/FA,,
3346292,F,AS,,,17/FA,Y
3322019,F,WHI,,15/FA,,
3350601,M,WHI,Y,18/FA,,Y
3331166,M,HIS,Y,16/FA,,Y
3340670,M,HIS,,17/FA,,
3318229,M,WHI,,14/FA,,
3332424,M,WHI,,16/FA,,
3341571,F,WHI,,17/FA,,
3338658,F,WHI,,,17/SP,
3348547,M,WHI,,18/FA,,
3329005,M,WHI,,15/FA,,
3342607,M,WHI,,17/FA,,
3325213,F,WHI,,15/FA,,
3324141,F,HIS,,15/FA,,Y
3347848,F,HIS,Y,18/FA,,Y
3341846,M,HIS,Y,17/FA,,Y
3342835,M,HIS,Y,17/FA,,
3338528,M,WHI,,17/FA,,Y
3354540,F,HIS,Y,,18/FA,
3334437,F,WHI,,16/FA,,
3342096,F,WHI,Y,17/FA,,
3342675,M,WHI,,17/FA,,
3335934,F,BL,,16/FA,,Y
3339707,F,WHI,,17/FA,,
3324433,F,WHI,,,17/SP,
3326790,M,WHI,,15/FA,,
3348684,M,BL,,18/FA,,
3339506,M,HIS,,17/FA,,Y
3333483,M,WHI,,16/FA,,
3349896,F,HIS,Y,18/FA,,Y
3325831,M,WHI,,15/FA,,
3350213,F,HIS,Y,18/FA,,Y
3348815,F,WHI,,18/FA,,
3346217,F,WHI,,18/FA,,
3350491,M,MUL,Y,18/FA,,Y
3347173,M,WHI,,18/FA,,
3348782,M,WHI,,18/FA,,
3324352,F,NRA,,15/FA,,
3052616,M,WHI,,14/FA,,
3350222,F,WHI,Y,18/FA,,Y
3343681,F,HIS,Y,17/FA,,
3341699,M,HIS,Y,17/FA,,Y
3349523,F,WHI,,18/FA,,
3333358,F,AS,Y,16/FA,,
3332483,M,HIS,Y,16/FA,,
3341208,M,WHI,,17/FA,,
3322837,M,WHI,,,,
3331401,F,MUL,,16/FA,,
3347670,M,WHI,,18/FA,,
3331860,M,WHI,,16/FA,,
3350227,F,MUL,,18/FA,,
3316423,F,WHI,,,16/FA,Y
3343528,F,HIS,Y,17/FA,,Y
3353208,F,HIS,Y,,18/FA,Y
3339932,F,WHI,,17/FA,,
3331203,F,WHI,,16/FA,,
3332328,F,WHI,,16/FA,,
3346291,F,WHI,Y,,17/FA,Y
3344064,M,HIS,,17/FA,,
3322990,M,WHI,,15/FA,,
3347001,F,WHI,,18/FA,,
3351043,F,HIS,,18/FA,,Y
3326230,F,WHI,,15/FA,,Y
3324572,F,WHI,,15/FA,,
3335953,M,WHI,,16/FA,,
3332252,F,HIS,,16/FA,,Y
3350029,M,WHI,,18/FA,,
2910675,M,WHI,,15/FA,,
3338530,F,MUL,,17/FA,,
3348865,F,WHI,,18/FA,,
3325732,F,WHI,,15/FA,,
3331622,M,WHI,,16/FA,,
3350034,F,HIS,,18/FA,,
3344213,F,WHI,,,17/FA,Y
3340318,M,WHI,Y,17/FA,,
3343458,M,WHI,,17/FA,,Y
3329880,F,WHI,Y,,16/FA,Y
3333094,M,MUL,Y,16/FA,,Y
3354035,M,WHI,Y,,18/FA,Y
3347318,M,WHI,,18/FA,,Y
3322992,M,HIS,Y,15/FA,,
3350317,M,WHI,,18/FA,,
3331055,M,BL,,16/FA,,
3350027,F,HIS,Y,18/FA,,
3323783,F,NRA,,15/FA,,
3323736,M,WHI,,15/FA,,
3342013,F,WHI,,17/FA,,
3348654,M,WHI,,18/FA,,
3339781,M,BL,,17/FA,,
3333164,F,WHI,Y,16/FA,,
3331280,F,WHI,,16/FA,,
3327414,M,WHI,,15/FA,,
3326292,M,UNK,,15/FA,,
3346645,F,WHI,,18/FA,,
3351509,F,WHI,Y,18/FA,,Y
3341173,F,HIS,,,18/SP,
3341775,M,BL,,17/FA,,
3349323,M,HIS,,18/FA,,
3330458,F,WHI,,16/FA,,
3341818,F,HIS,Y,17/FA,,Y
3332279,F,WHI,,16/FA,,
2909035,F,WHI,,15/FA,,
3347571,F,BL,,18/FA,,Y
3339231,F,HIS,,17/FA,,
3329699,M,MUL,,17/FA,,
3328460,M,MUL,,15/FA,,
3350544,M,WHI,,18/FA,,Y
3314569,M,WHI,,14/FA,,
3350170,M,WHI,,18/FA,,
3353178,M,WHI,,,18/FA,
3324441,F,HIS,,,16/FA,Y
3342084,F,WHI,,17/FA,,Y
3349144,F,MUL,Y,18/FA,,Y
3341870,F,HIS,,17/FA,,Y
3349146,F,WHI,,18/FA,,
3332368,M,WHI,,16/FA,,
3328444,F,WHI,,15/FA,,Y
3339220,F,HIS,,17/FA,,
3344922,F,AS,,,17/FA,
3341453,F,WHI,,17/FA,,
3338415,F,WHI,,,18/SP,
3339877,M,WHI,,,17/FA,
3349032,F,HIS,,18/FA,,
3340741,F,WHI,,17/FA,,Y
3326356,M,WHI,,15/FA,,
3339450,F,WHI,,17/FA,,
2889701,M,WHI,,17/FA,,
3327051,M,WHI,,15/FA,,
3324867,M,WHI,Y,15/FA,,Y
3346714,F,HIS,,18/FA,,
3324575,F,WHI,,15/FA,,
3326635,M,WHI,,15/FA,,Y
3352332,F,WHI,,18/FA,,Y
3324637,F,WHI,,15/FA,,
3350199,M,HIS,,18/FA,,
3343043,M,WHI,,17/FA,,
3352308,F,WHI,Y,18/FA,,
3350059,F,WHI,,18/FA,,Y
3340544,F,WHI,,17/FA,,Y
3332293,M,WHI,,16/FA,,
3324080,M,WHI,,15/FA,,
3334416,F,WHI,,16/FA,,
3336452,F,BL,,16/FA,,Y
3336798,F,HIS,,16/FA,,
3331647,M,UNK,,16/FA,,
3324990,M,MUL,,15/FA,,
3330879,F,WHI,,16/FA,,
2903991,F,WHI,,16/FA,,
3339886,F,HIS,,17/FA,,
3343404,F,WHI,,17/FA,,
3325219,F,WHI,,,16/FA,
3322322,F,HIS,,15/FA,,Y
3353237,M,WHI,Y,,18/FA,
3330738,F,WHI,,16/FA,,
3318704,F,WHI,,15/FA,,
3330375,F,WHI,,16/FA,,
3324552,F,HIS,Y,15/FA,,Y
3332154,F,WHI,,,,
3350281,M,WHI,,18/FA,,
3315235,F,HIS,,14/FA,,
3348371,F,BL,,18/FA,,
3350409,F,WHI,,18/FA,,Y
3340637,F,WHI,,17/FA,,
3324358,F,WHI,,15/FA,,Y
3339994,M,WHI,Y,18/FA,,
3349906,F,WHI,,18/FA,,
3342269,M,HIS,Y,17/FA,,
3348015,F,WHI,,,18/SP,Y
3339032,F,WHI,,17/FA,,
3349456,F,WHI,,18/FA,,
3324359,F,HIS,,15/FA,,
3346710,M,WHI,,18/FA,,
3353437,M,WHI,,,18/FA,Y
3344982,F,WHI,,,17/FA,
3322032,F,HIS,,15/FA,,Y
3343495,F,HIS,,17/FA,,
3335716,F,WHI,,16/FA,,
3351344,F,HIS,,18/FA,,
3343720,F,HIS,Y,17/FA,,Y
3322873,F,HIS,,15/FA,,Y
3352115,M,HIS,,18/FA,,
3325573,F,HIS,,15/FA,,Y
3333509,F,WHI,,16/FA,,
3321892,F,MUL,,15/FA,,
3348180,F,WHI,,18/FA,,Y
3331142,M,WHI,,16/FA,,
3322755,F,WHI,,15/FA,,
3325601,F,AS,,15/FA,,
3353791,M,HIS,,,18/FA,
3340117,F,WHI,,17/FA,,
3333403,F,WHI,,16/FA,,
3324081,M,WHI,,15/FA,,
3326639,M,WHI,,15/FA,,
3351417,F,HIS,,18/FA,,
3347552,M,WHI,,18/FA,,
3333944,F,WHI,Y,16/FA,,Y
3326534,M,HIS,,15/FA,,
3351364,M,HIS,Y,18/FA,,Y
3335684,M,BL,,16/FA,,
3331119,F,WHI,,16/FA,,Y
2911626,F,WHI,,16/FA,,
3341506,F,HIS,Y,17/FA,,Y
3335316,F,HIS,,16/FA,,Y
3321158,F,HIS,,16/FA,,Y
3348624,F,HIS,Y,18/FA,,Y
3351869,M,WHI,,18/FA,,
3333513,M,HIS,Y,16/FA,,Y
3316082,M,HIS,,,,
3323039,F,MUL,,15/FA,,
3344275,M,BL,,17/FA,,
3332271,F,WHI,,16/FA,,
3331410,F,HIS,,16/FA,,
3347070,F,WHI,,18/FA,,
3334899,M,WHI,,18/FA,,
3341618,M,MUL,,17/FA,,Y
3324011,F,WHI,,15/FA,,
3327818,F,AS,,15/FA,,
3331348,F,BL,,16/FA,,Y
3343467,M,WHI,,17/FA,,Y
3339497,F,AS,Y,,17/SP,
3330148,M,WHI,,15/FA,,
3352181,F,NRA,Y,18/FA,,
3322874,F,WHI,,15/FA,,
3344944,M,WHI,,17/FA,,
3349412,F,WHI,,18/FA,,Y
3343714,F,BL,,17/FA,,Y
3349545,M,WHI,Y,18/FA,,Y
3343317,F,HIS,,17/FA,,
3347230,M,WHI,,18/FA,,
3350573,M,WHI,Y,,18/FA,Y
3332787,M,WHI,,16/FA,,
3333310,F,HIS,,16/FA,,
3339931,F,WHI,,17/FA,,
3328191,M,WHI,,,15/FA,Y
3348324,M,HIS,,18/FA,,
3331582,F,WHI,,16/FA,,
3348232,M,WHI,,18/FA,,
3339937,F,WHI,,17/FA,,
3342926,M,BL,Y,17/FA,,
3348884,M,WHI,,18/FA,,Y
3341844,M,HIS,Y,17/FA,,Y
3352057,M,WHI,,18/FA,,
3322031,M,WHI,,15/FA,,
3330665,F,WHI,,16/FA,,
3333118,F,WHI,Y,16/FA,,
3326918,F,WHI,,15/FA,,
3347521,M,HIS,Y,,18/SP,Y
3349294,M,HIS,,18/FA,,
3323234,F,HIS,Y,15/FA,,Y
3325397,F,HIS,,15/FA,,Y
3345275,F,WHI,,,17/FA,
3352859,M,BL,,18/FA,,Y
3333425,F,WHI,,16/FA,,
3329211,M,WHI,,15/FA,,
3334615,F,WHI,,16/FA,,
3350934,F,WHI,,18/FA,,
3343984,M,WHI,,17/FA,,
3350402,F,WHI,,18/FA,,
2848487,F,WHI,,18/FA,,
834078,F,BL,,,,Y
3333140,M,WHI,,16/FA,,
3344518,M,WHI,,17/FA,,
3352824,M,WHI,,18/FA,,Y
3331942,F,HIS,,16/FA,,
3342178,F,WHI,,17/FA,,Y
3332937,M,HIS,,16/FA,,
3322206,M,WHI,,15/FA,,Y
3348319,F,AS,,18/FA,,
3346226,F,MUL,,18/FA,,
3331554,M,WHI,,16/FA,,
3339812,M,WHI,,17/FA,,
3314443,M,WHI,,16/FA,,
3327108,F,WHI,,15/FA,,
3324868,M,BL,,15/FA,,
3330547,F,BL,,17/FA,,
3350299,F,WHI,,18/FA,,Y
3335570,F,WHI,,16/FA,,Y
3349577,M,WHI,,18/FA,,
3341761,M,WHI,,17/FA,,
3232029,M,WHI,,15/FA,,Y
3340636,M,HIS,,17/FA,,
3323151,F,WHI,,15/FA,,
3339167,F,WHI,,17/FA,,
2913039,F,WHI,,16/FA,,
3348617,M,WHI,,18/FA,,
3333802,F,HIS,,16/FA,,
3353043,F,WHI,,18/FA,,
3352143,F,HIS,,18/FA,,
3323236,F,HIS,,15/FA,,
3347621,F,HIS,Y,,18/SP,Y
3323393,F,HIS,,15/FA,,
3348221,M,HIS,Y,18/FA,,
3341409,M,BL,,17/FA,,Y
3321665,F,WHI,,15/FA,,
3333313,F,MUL,,16/FA,,
3339029,F,MUL,,17/FA,,
3351841,M,WHI,,18/FA,,
3347274,M,WHI,,18/FA,,
3352286,F,HIS,Y,18/FA,,
3331993,M,HIS,,16/FA,,
3347613,F,HIS,Y,18/FA,,
3351584,F,NRA,,18/FA,,
3331874,F,HIS,,16/FA,,Y
3333241,M,WHI,,16/FA,,
2915252,M,WHI,,18/FA,,Y
3338905,F,WHI,Y,17/FA,,Y
3340264,F,HIS,,17/FA,,
3351635,M,WHI,,18/FA,,
3322212,F,WHI,,,16/FA,
3347095,F,WHI,,18/FA,,
3350772,M,WHI,,18/FA,,
2903245,M,WHI,,18/FA,,
3333228,F,WHI,,16/FA,,
3331760,M,BL,,16/FA,,Y
3342945,M,WHI,,17/FA,,
3347259,M,WHI,,18/FA,,
3322549,F,MUL,Y,15/FA,,Y
3341199,F,MUL,,17/FA,,
3338875,F,WHI,,17/FA,,
3334604,F,WHI,Y,16/FA,,
3350576,F,HIS,Y,18/FA,,Y
3352058,M,WHI,,18/FA,,Y
3324163,F,WHI,,15/FA,,
3324016,F,HIS,,15/FA,,
3348848,F,WHI,,18/FA,,
3335673,M,WHI,Y,16/FA,,
3350013,F,WHI,,18/FA,,
3334927,M,NRA,Y,16/FA,,
3350357,F,HIS,,18/FA,,
3340277,F,WHI,,17/FA,,
3332373,F,MUL,,16/FA,,Y
3322952,F,AS,,15/FA,,
2895530,F,WHI,,18/FA,,
3318536,F,HIS,,14/FA,,Y
3347836,F,WHI,Y,18/FA,,
3346875,F,BL,,,18/SP,Y
3341348,F,WHI,,17/FA,,Y
3334539,M,AN,,16/FA,,
3342031,M,HIS,,17/FA,,Y
3339898,F,MUL,,17/FA,,Y
3352537,M,BL,,18/FA,,Y
3348393,F,WHI,Y,18/FA,,Y
3341390,F,WHI,,17/FA,,
3335160,M,WHI,,16/FA,,Y
3347278,F,WHI,,18/FA,,
3330861,M,HIS,,16/FA,,
3347523,F,HIS,Y,18/FA,,
3352343,M,WHI,,18/FA,,
3349845,F,WHI,,18/FA,,
3347518,M,HIS,,18/FA,,
3338911,M,MUL,,17/FA,,
3340494,F,WHI,,17/FA,,
3333144,F,HIS,Y,16/FA,,
3350142,M,HIS,,18/FA,,
3343254,F,HIS,,17/FA,,Y
3325774,F,HIS,,15/FA,,Y
3344187,M,HIS,,17/FA,,
3321992,F,MUL,,15/FA,,Y
3335839,M,AN,,16/FA,,
3348387,M,HIS,,18/FA,,
3351361,F,HIS,,18/FA,,
3343469,M,HIS,Y,17/FA,,
3346228,M,WHI,,18/FA,,
3339768,F,WHI,,17/FA,,
3324017,F,WHI,,15/FA,,
3343449,M,HIS,,17/FA,,
3338627,F,WHI,,17/FA,,Y
3336296,F,WHI,,16/FA,,Y
3338543,F,WHI,,17/FA,,
3341764,F,WHI,,17/FA,,Y
3324467,F,WHI,,,17/SP,Y
3325113,F,WHI,,15/FA,,Y
3351770,M,HIS,Y,18/FA,,Y
3341734,F,WHI,,17/FA,,
3324166,M,HIS,,15/FA,,
3340892,M,HIS,,17/FA,,
3335770,F,HIS,Y,16/FA,,
2846415,F,HIS,,16/FA,,
3351047,M,WHI,,18/FA,,
3336920,M,WHI,,,18/FA,
3337215,M,WHI,Y,16/FA,,
3347258,F,WHI,,18/FA,,
3350728,M,WHI,,18/FA,,Y
3352435,F,WHI,,18/FA,,
3350416,F,HIS,Y,18/FA,,Y
3350629,F,WHI,,18/FA,,
3339496,F,HIS,,17/FA,,
3330389,F,HIS,,16/FA,,Y
3326604,M,WHI,Y,15/FA,,Y
3342855,M,WHI,,17/FA,,
3350607,M,WHI,Y,18/FA,,Y
3350090,M,WHI,,18/FA,,
3347155,F,WHI,,18/FA,,
3340469,M,MUL,,17/FA,,
3353350,F,WHI,,,18/FA,
3325521,M,WHI,,15/FA,,
3324372,F,WHI,,15/FA,,
3344577,F,HIS,Y,17/FA,,
3341822,M,WHI,,17/FA,,
3341205,F,WHI,Y,17/FA,,
3351831,M,WHI,Y,18/FA,,
3349685,F,WHI,,18/FA,,
3335651,F,WHI,,,16/FA,Y
2876612,F,WHI,,16/FA,,
3342814,M,HIS,Y,17/FA,,
3342757,F,AS,,17/FA,,
3322223,F,WHI,,15/FA,,
3342497,M,WHI,,17/FA,,
3349623,F,HIS,Y,18/FA,,Y
3324650,F,WHI,,15/FA,,
3345024,M,UNK,,,17/FA,Y
3347991,M,BL,,18/FA,,
3351520,F,WHI,,18/FA,,
3348154,F,WHI,,,18/SP,
3347626,F,WHI,,,18/FA,
3341645,F,WHI,,17/FA,,
3348652,F,BL,,18/FA,,
3343795,F,WHI,,17/FA,,
3341736,F,HIS,,17/FA,,Y
3316397,M,HIS,Y,14/FA,,Y
3335574,M,HIS,,16/FA,,
3325607,M,HIS,,15/FA,,
3352112,F,HIS,Y,,18/FA,Y
3315692,M,HIS,Y,14/FA,,Y
3331964,F,HIS,,16/FA,,
3350382,F,HIS,,18/FA,,
3340072,M,HIS,,17/FA,,
3353275,F,HIS,Y,18/FA,,Y
3340866,M,HIS,,17/FA,,
3315693,M,HIS,,14/FA,,
3349459,M,AS,,18/FA,,
3344255,M,BL,,17/FA,,Y
3347569,M,HIS,,18/FA,,
3338925,M,HIS,,17/FA,,
3330392,M,HIS,Y,,18/SP,Y
3313993,M,HIS,,15/FA,,
3344244,M,HIS,,17/FA,,Y
3343448,M,WHI,,17/FA,,
3322063,M,WHI,Y,15/FA,,
3351783,F,BL,,18/FA,,
3348761,M,WHI,,18/FA,,
3352543,F,WHI,,,18/FA,
3347712,F,WHI,,18/FA,,
3326605,M,HIS,,15/FA,,Y
3346887,F,WHI,,18/FA,,
3352832,F,WHI,,,18/FA,
3349819,M,WHI,,18/FA,,
3354065,M,WHI,,,18/FA,
3324475,F,WHI,,15/FA,,
3332999,F,HIS,,16/FA,,
3350902,M,WHI,,18/FA,,
2892462,F,WHI,,16/FA,,
3339263,F,WHI,,17/FA,,Y
3333311,M,BL,Y,16/FA,,
3341367,F,WHI,,17/FA,,
3344573,M,WHI,,17/FA,,
3321735,F,WHI,,15/FA,,
3323398,F,MUL,Y,15/FA,,
3348291,M,WHI,,18/FA,,
3322393,F,WHI,,15/FA,,
3340152,M,WHI,,17/FA,,
3324171,F,HIS,Y,15/FA,,
3340161,M,HIS,,17/FA,,
3341305,F,HIS,,17/FA,,
3322999,F,HIS,,15/FA,,
3332897,F,HIS,Y,16/FA,,Y
3346729,M,MUL,,18/FA,,
3350016,M,HIS,,18/FA,,Y
3323745,F,HIS,Y,15/FA,,Y
3324022,M,HIS,,15/FA,,
3340131,F,HIS,Y,17/FA,,Y
3352843,F,WHI,Y,,18/FA,Y
3341231,F,WHI,,17/FA,,
3346881,F,HIS,,18/FA,,
3351942,M,HIS,,18/FA,,
3323059,F,WHI,,15/FA,,Y
3340390,F,WHI,,17/FA,,
3348816,F,WHI,Y,18/FA,,
3335090,F,WHI,,16/FA,,
3349930,F,WHI,,18/FA,,Y
3332644,M,WHI,,,17/SP,
3332650,F,WHI,Y,,16/FA,Y
3333621,F,WHI,Y,16/FA,,
3332300,F,HIS,,16/FA,,
3341523,M,WHI,,17/FA,,
3339528,M,HIS,,17/FA,,Y
3339309,M,WHI,,17/FA,,
3348713,M,WHI,,18/FA,,
3332311,M,MUL,,16/FA,,
2907204,M,MUL,,18/FA,,
3351820,F,WHI,,18/FA,,Y
3325375,M,WHI,,15/FA,,
3350526,M,HIS,,18/FA,,
3342642,M,HIS,Y,17/FA,,Y
2516601,F,WHI,,,,
3350503,F,HIS,,18/FA,,Y
3332925,F,WHI,,16/FA,,
3350800,M,HIS,,18/FA,,
3340886,F,NRA,,17/FA,,
3323857,F,WHI,,15/FA,,
3300779,M,HIS,Y,15/FA,,Y
3333255,M,HIS,Y,16/FA,,Y
3352427,M,HIS,,18/FA,,
3323198,F,MUL,,15/FA,,Y
3348508,M,WHI,,18/FA,,Y
3325609,M,WHI,,16/FA,,
3348722,F,WHI,,18/FA,,
3340013,F,WHI,,17/FA,,
3317757,M,BL,,,,
3320262,M,WHI,,14/FA,,
3344524,M,HIS,,17/FA,,
3340698,M,WHI,,17/FA,,
3335907,F,WHI,,,16/FA,Y
3325776,M,WHI,,15/FA,,
3346238,F,UNK,,18/FA,,
2898678,F,WHI,,18/FA,,
3335790,F,WHI,,16/FA,,
3335704,F,WHI,,16/FA,,
3350203,M,BL,Y,18/FA,,Y
3353815,F,WHI,,,18/FA,
3350312,M,WHI,,18/FA,,
3327001,F,WHI,,15/FA,,Y
3339545,M,WHI,Y,,17/SP,
2885860,F,AS,,17/FA,,
3340316,F,WHI,,17/FA,,
3353146,M,WHI,,18/FA,,
3313322,M,WHI,Y,16/FA,,
3324483,M,WHI,,,16/SP,
3351414,F,WHI,,18/FA,,
2898872,M,WHI,,18/FA,,
3343386,M,MUL,,17/FA,,
3325233,F,WHI,Y,15/FA,,
3331045,M,HIS,,16/FA,,
3343323,M,BL,Y,17/FA,,Y
3351419,M,UNK,,,,
3334726,M,WHI,,16/FA,,
3348083,F,WHI,,18/FA,,
3322422,F,WHI,,15/FA,,Y
3349946,F,WHI,,18/FA,,
3342218,F,WHI,,17/FA,,
3326543,M,BL,,15/FA,,Y
3339837,M,HIS,,17/FA,,
3331013,F,WHI,,16/FA,,
3339165,M,WHI,,17/FA,,
3352771,F,WHI,,,18/FA,
3321348,F,WHI,,15/FA,,
3343710,F,WHI,Y,17/FA,,Y
3350247,M,WHI,Y,18/FA,,Y
3329342,F,AS,,,15/FA,Y
3316525,F,HIS,Y,14/FA,,Y
3352203,M,WHI,,18/FA,,
3331399,F,WHI,,16/FA,,
3340475,M,HIS,,17/FA,,
3345075,M,HIS,,17/FA,,Y
3322882,F,HIS,Y,15/FA,,Y
3324656,F,HIS,,15/FA,,Y
3349183,F,HIS,Y,18/FA,,Y
3340521,M,HIS,Y,17/FA,,
3348799,M,BL,,18/FA,,Y
3342076,F,HIS,Y,17/FA,,Y
3347915,F,HIS,Y,18/FA,,Y
3349481,M,WHI,,18/FA,,
3318921,M,WHI,,14/FA,,Y
3334205,M,BL,,16/FA,,Y
3351222,F,WHI,,18/FA,,
3340927,F,WHI,,17/FA,,
3352092,M,WHI,Y,18/FA,,Y
3331050,F,WHI,,16/FA,,
3325811,M,HIS,Y,15/FA,,Y
3347416,F,WHI,,18/FA,,
3324291,M,WHI,Y,15/FA,,Y
3343415,M,WHI,,17/FA,,
3351019,F,WHI,,18/FA,,
3353077,M,HIS,,18/FA,,
3323403,F,WHI,,15/FA,,
3323156,F,WHI,,15/FA,,
3346240,F,WHI,,18/FA,,
3354116,M,WHI,Y,,18/FA,Y
3322132,M,WHI,Y,15/FA,,Y
3327176,M,WHI,,16/FA,,
3335401,F,WHI,,,16/FA,
3338556,F,MUL,Y,17/FA,,
3353635,M,WHI,,18/FA,,
3331309,M,BL,,,16/SP,Y
3340418,M,WHI,Y,,17/SP,
3335474,F,UNK,,,,
3333502,M,WHI,Y,,17/SP,
3338557,F,WHI,Y,18/FA,,
3350185,M,UNK,,18/FA,,
3352900,M,WHI,,18/FA,,
3342753,F,WHI,,17/FA,,
3324182,M,WHI,,15/FA,,
3352444,M,WHI,,18/FA,,
3327124,F,WHI,,15/FA,,
3349143,F,HIS,,18/FA,,
3347022,F,WHI,Y,18/FA,,
3317605,F,WHI,,,,Y
3324993,F,WHI,,15/FA,,Y
3330299,M,BL,Y,,16/SP,
3324098,M,WHI,,15/FA,,
3333776,F,BL,,16/FA,,
3348725,M,WHI,,18/FA,,
3331803,M,WHI,,16/FA,,
3335910,F,WHI,Y,16/FA,,
3350041,F,WHI,Y,18/FA,,
3351702,F,WHI,,18/FA,,
3343177,M,BL,,17/FA,,
3332532,F,WHI,,16/FA,,Y
3347488,F,WHI,,18/FA,,
3335002,F,HIS,,,16/FA,Y
3338787,F,WHI,,,17/FA,Y
3331742,F,HIS,,16/FA,,Y
3340393,F,WHI,,17/FA,,
3340937,F,WHI,,17/FA,,
3348104,F,WHI,,18/FA,,Y
3337087,M,WHI,Y,16/FA,,
3336096,F,WHI,Y,16/FA,,
3324588,F,WHI,Y,15/FA,,Y
3324389,M,WHI,,15/FA,,
3325237,F,HIS,,15/FA,,
3333210,M,MUL,,16/FA,,
3347219,M,BL,,18/FA,,
3332043,F,WHI,,16/FA,,
3324659,F,HIS,,15/FA,,
3340959,M,WHI,,17/FA,,
3331716,F,WHI,,16/FA,,
3333300,F,HIS,,16/FA,,
3341424,M,WHI,,17/FA,,
3323747,F,HIS,,,,Y
3342631,F,WHI,,17/FA,,
3322585,F,WHI,,15/FA,,Y
3332954,F,WHI,,16/FA,,Y
3350143,M,HIS,,18/FA,,
3334912,M,WHI,,16/FA,,
3341731,F,MUL,Y,17/FA,,Y
3341399,M,BL,,17/FA,,
3348321,M,WHI,,18/FA,,
3340644,M,WHI,,17/FA,,
3350412,M,NRA,Y,18/FA,,
3349849,M,MUL,Y,18/FA,,
3335032,M,BL,,16/FA,,
3331968,F,WHI,Y,16/FA,,Y
3349359,F,WHI,,,18/SP,Y
3333289,F,BL,,16/FA,,
3314004,M,WHI,,,18/FA,
3335689,F,HIS,,16/FA,,Y
3340681,F,WHI,,17/FA,,
3325032,M,WHI,Y,15/FA,,
3351514,M,WHI,,18/FA,,
3348006,F,MUL,,18/FA,,
3352886,M,AS,,,18/FA,
3323200,M,WHI,,15/FA,,
3341373,M,HIS,Y,17/FA,,
3345043,F,WHI,,,17/FA,Y
3333166,F,WHI,Y,16/FA,,
3332898,M,HIS,,16/FA,,
3325797,M,NRA,,15/FA,,
3326972,F,AS,,15/FA,,
3349507,M,UNK,,18/FA,,
3346168,M,WHI,,,17/FA,
3349867,F,WHI,,18/FA,,
3343353,M,WHI,,17/FA,,
3330398,M,WHI,,16/FA,,
3324301,F,WHI,Y,15/FA,,
3331843,M,HIS,,16/FA,,
3326369,F,WHI,,15/FA,,Y
3329725,M,WHI,,15/FA,,
3338561,F,WHI,,17/FA,,
3353179,M,WHI,,,18/FA,
3348637,M,WHI,,18/FA,,
3353238,F,WHI,,,18/FA,
3327038,M,WHI,,15/FA,,Y
3346243,M,WHI,,18/FA,,
3342856,F,WHI,,17/FA,,
3331303,M,HIS,,16/FA,,
3347883,F,AS,Y,18/FA,,Y
3324302,F,WHI,,15/FA,,
3341462,F,WHI,,17/FA,,
3341552,M,WHI,,17/FA,,
3353240,M,WHI,Y,18/FA,,
3333645,F,WHI,,16/FA,,
2901514,F,WHI,,18/FA,,
3348631,M,WHI,Y,18/FA,,
3350082,F,WHI,,18/FA,,Y
3344834,F,WHI,,,18/FA,
2919242,F,WHI,,18/FA,,
3349346,M,WHI,Y,,18/SP,
3339467,F,WHI,,17/FA,,Y
3352902,F,WHI,,,18/FA,
3324502,M,WHI,,15/FA,,
3351440,M,AS,,18/FA,,
3327126,F,WHI,,15/FA,,
3350656,M,WHI,,18/FA,,Y
3340356,F,AS,,17/FA,,
3339321,M,WHI,,17/FA,,
3352547,M,WHI,,18/FA,,
3333230,F,WHI,,16/FA,,Y
3331791,F,WHI,,16/FA,,
3354450,M,WHI,,,18/FA,
3350577,F,WHI,,18/FA,,
3304531,F,WHI,Y,15/FA,,
3323478,M,WHI,,15/FA,,
2928119,F,HIS,,,18/FA,Y
3349938,M,WHI,,18/FA,,
3322929,F,WHI,,15/FA,,
3321237,F,WHI,,15/FA,,
3347664,F,WHI,,18/FA,,
3283183,F,WHI,,15/FA,,
3347699,F,WHI,,18/FA,,
3326887,F,WHI,,,16/FA,
3341330,F,WHI,,17/FA,,
3347612,M,WHI,,18/FA,,
3324104,M,HIS,,15/FA,,
3347650,M,HIS,,18/FA,,
3349354,M,WHI,Y,18/FA,,
3348703,F,AS,Y,18/FA,,Y
3306045,F,WHI,,,,
3323334,F,HIS,,15/FA,,
3350850,F,AS,,18/FA,,
3330862,M,WHI,,18/FA,,
3348374,M,WHI,,18/FA,,
3351650,M,WHI,Y,18/FA,,Y
3351281,M,WHI,,18/FA,,
3346614,M,WHI,,18/FA,,
3331550,M,HIS,,16/FA,,
3322853,M,WHI,,15/FA,,Y
3340413,F,HIS,Y,17/FA,,Y
3333813,M,HIS,,16/FA,,
2338225,F,WHI,,,,
3348008,F,HIS,Y,18/FA,,
3342676,F,BL,,17/FA,,
3340713,M,WHI,,17/FA,,Y
3342030,F,AS,Y,17/FA,,Y
3326405,F,AS,Y,15/FA,,Y
3335238,F,MUL,,16/FA,,Y
3334674,F,WHI,,16/FA,,
3322963,M,WHI,,15/FA,,
3352757,M,WHI,,18/FA,,
3330403,F,WHI,,16/FA,,
3353351,M,WHI,,18/FA,,
3333419,F,AS,,16/FA,,Y
3347039,M,WHI,Y,18/FA,,Y
3333489,F,HIS,,16/FA,,
3331845,F,WHI,,16/FA,,
3348851,F,WHI,,18/FA,,
2909848,F,HIS,,17/FA,,
3347652,F,HIS,Y,18/FA,,
3347369,F,HIS,,18/FA,,
3332490,M,HIS,,16/FA,,Y
3349049,F,HIS,Y,18/FA,,
3341243,M,HIS,,17/FA,,
3333161,M,WHI,,16/FA,,
3347782,F,HIS,Y,18/FA,,
3323752,M,WHI,,15/FA,,
3332640,F,WHI,,16/FA,,
3323822,F,HIS,,15/FA,,
3331135,F,HIS,,16/FA,,
3054120,F,WHI,,15/FA,,
3351860,M,WHI,,18/FA,,
3330405,F,HIS,,16/FA,,
3314516,M,WHI,,18/FA,,
3347516,F,WHI,,18/FA,,Y
3349152,M,HIS,,18/FA,,
3330732,F,WHI,,16/FA,,
3332019,F,AS,,,17/FA,
3351759,F,WHI,,18/FA,,
3352163,M,BL,,18/FA,,
3326933,M,BL,,15/FA,,Y
3353774,F,NRA,,,,
3309557,M,HIS,,,,
3318299,F,AS,,14/FA,,
3350864,M,WHI,,18/FA,,
3321359,M,MUL,,,,Y
3323337,F,WHI,,15/FA,,
3323963,F,WHI,,,,
3348759,F,AS,Y,18/FA,,Y
3338568,F,WHI,,17/FA,,
3316303,F,WHI,,14/FA,,
3308097,F,WHI,,18/FA,,
3316233,M,WHI,,,16/FA,
3325142,F,HIS,,15/FA,,
3323338,M,WHI,,15/FA,,
3339217,M,WHI,,17/FA,,
3348972,M,BL,,18/FA,,
3327496,F,HIS,,15/FA,,
3331299,M,UNK,,,16/FA,
3349322,F,HIS,,18/FA,,Y
3339785,M,HIS,Y,17/FA,,Y
3322424,F,HIS,,15/FA,,
3331984,M,HIS,,16/FA,,
3326070,F,HIS,Y,15/FA,,Y
3346779,M,UNK,,,,
3343490,F,HIS,Y,17/FA,,Y
2847870,F,WHI,,15/FA,,Y
3339489,F,MUL,,17/FA,,
3340317,M,WHI,,17/FA,,
3324667,F,BL,,15/FA,,Y
3330739,M,WHI,,16/FA,,Y
3343782,F,WHI,,17/FA,,
3348365,F,HIS,,18/FA,,
3346021,F,WHI,,,17/FA,
3338957,F,UNK,Y,17/FA,,
3346589,F,BL,,18/FA,,
3341141,F,BL,,17/FA,,
3331421,M,WHI,,16/FA,,
3336253,F,WHI,,16/FA,,
3331306,M,MUL,,16/FA,,Y
3322686,M,BL,,15/FA,,
3332028,F,MUL,,16/FA,,
3332383,F,WHI,,16/FA,,
3307393,M,WHI,,16/FA,,
3352600,F,WHI,Y,,18/FA,
3322663,M,WHI,,15/FA,,
3341972,F,WHI,,17/FA,,
3349130,F,MUL,Y,18/FA,,Y
3351409,F,WHI,,18/FA,,
3346886,F,WHI,,18/FA,,
3347777,F,WHI,,18/FA,,
3350686,M,MUL,,18/FA,,Y
3348212,M,WHI,,18/FA,,Y
3350876,M,BL,,18/FA,,
3351524,F,HIS,Y,18/FA,,Y
3350439,M,HIS,,18/FA,,Y
3350099,M,WHI,,18/FA,,Y
3349202,F,WHI,Y,18/FA,,
3352170,M,WHI,Y,18/FA,,
3352677,F,HIS,,18/FA,,
3329326,M,HIS,Y,17/FA,,
3340480,M,HIS,,17/FA,,
3348746,F,WHI,,18/FA,,
3331721,M,WHI,,16/FA,,
3334233,M,HIS,Y,,,Y
3348148,M,WHI,,18/FA,,
3340897,F,WHI,,17/FA,,
3347966,M,WHI,,18/FA,,
3334547,M,HIS,Y,16/FA,,
3348858,F,HIS,Y,18/FA,,
3348907,F,HIS,,18/FA,,
3351535,F,WHI,,18/FA,,
2922952,M,WHI,,16/FA,,
3349682,M,WHI,,18/FA,,
3322967,M,HIS,,15/FA,,
3333158,F,WHI,,16/FA,,
3332184,F,WHI,,16/FA,,
3321379,M,WHI,Y,15/FA,,Y
3332628,F,WHI,,16/FA,,
3341259,M,WHI,,,17/SP,
2834542,M,WHI,,16/FA,,
3326479,F,WHI,,15/FA,,
3344707,M,WHI,,17/FA,,
3323077,F,WHI,,15/FA,,
3351201,M,HIS,,18/FA,,Y
3333867,F,WHI,Y,16/FA,,
3353278,F,HIS,Y,,18/FA,Y
3326376,M,WHI,,15/FA,,
3342129,M,WHI,,,17/FA,
3339335,F,WHI,,17/FA,,
3338723,M,HIS,,17/FA,,
3346869,M,WHI,,18/FA,,
3335879,M,BL,,16/FA,,
3347854,F,WHI,,18/FA,,
3341006,F,WHI,,17/FA,,
3342515,M,MUL,Y,17/FA,,Y
3349846,F,WHI,,18/FA,,Y
3346707,M,UNK,,,,
3347729,M,WHI,,18/FA,,
3343910,F,WHI,,17/FA,,
3331623,M,WHI,,16/FA,,
3350792,M,HIS,Y,18/FA,,Y
3350484,M,WHI,,18/FA,,
3351249,F,AS,Y,18/FA,,Y
3339341,F,HIS,Y,17/FA,,
3347510,F,HIS,,18/FA,,
3337075,M,WHI,,16/FA,,Y
3346249,F,HIS,,18/FA,,Y
3331327,F,WHI,,16/FA,,
3349593,M,WHI,,18/FA,,
3339674,F,WHI,,17/FA,,
3346251,M,WHI,,18/FA,,Y
3350240,M,HIS,,18/FA,,
3351920,M,WHI,,18/FA,,
3322587,M,WHI,,15/FA,,
3323340,F,HIS,,15/FA,,
3325148,F,WHI,,15/FA,,
3326767,M,WHI,,15/FA,,
3348766,M,BL,,18/FA,,Y
3350052,F,WHI,,18/FA,,Y
3331670,F,WHI,,16/FA,,
3347749,F,BL,,18/FA,,
3339779,F,WHI,,17/FA,,
3343530,M,HIS,,17/FA,,
3024193,M,HIS,,,,Y
3348447,F,WHI,,18/FA,,
3351566,F,HIS,Y,18/FA,,Y
3326323,M,WHI,,15/FA,,Y
3332533,F,WHI,,16/FA,,
3340415,F,BL,,17/FA,,
3342700,M,WHI,,17/FA,,
3325975,M,AS,,15/FA,,
3339522,M,HIS,,17/FA,,
3339977,F,HIS,,17/FA,,Y
3353241,M,WHI,,18/FA,,
3350387,M,WHI,,18/FA,,
3335922,M,HIS,,16/FA,,
3346284,F,WHI,,,17/FA,Y
3339031,M,WHI,,17/FA,,
3333150,F,WHI,,16/FA,,
3322886,M,WHI,,15/FA,,
3339967,M,WHI,,17/FA,,
3323863,M,WHI,,15/FA,,
3348641,F,WHI,,18/FA,,
3350485,F,AS,,18/FA,,Y
3351270,F,AS,Y,18/FA,,Y
3057955,M,WHI,,,,Y
3346630,F,WHI,,18/FA,,
3340417,F,WHI,Y,,17/SP,Y
3354208,M,WHI,,,18/FA,
3348937,F,WHI,,18/FA,,
3334971,M,WHI,,16/FA,,
3352240,M,HIS,,18/FA,,
3342169,F,BL,,17/FA,,
3334895,F,WHI,,16/FA,,
3328291,M,WHI,Y,15/FA,,
3326979,F,WHI,,15/FA,,
3338902,F,WHI,Y,17/FA,,
3338920,M,WHI,,17/FA,,
3345927,F,BL,,17/FA,,Y
3350033,F,AS,,18/FA,,
3348875,M,HIS,,18/FA,,
3333859,M,WHI,,16/FA,,
3324320,F,NRA,,15/FA,,
3331920,F,WHI,,16/FA,,
3343544,F,HIS,Y,17/FA,,Y
3323579,F,AS,,15/FA,,
3323761,M,HIS,Y,15/FA,,Y
3336380,F,WHI,,,16/FA,Y
3324111,F,HIS,,15/FA,,
3353144,F,HIS,,,18/FA,
3347469,M,HIS,,18/FA,,
3331098,M,BL,,16/FA,,
3335211,M,WHI,,16/FA,,
3352177,F,HIS,,18/FA,,Y
3349522,M,WHI,,18/FA,,Y
3335531,M,WHI,,16/FA,,
3344705,F,WHI,,,18/FA,
3333199,F,AS,,16/FA,,
3350509,M,HIS,Y,18/FA,,Y
3342673,F,WHI,,17/FA,,Y
3343678,M,HIS,,,17/FA,
3338209,F,WHI,,,16/FA,
3340448,F,WHI,,17/FA,,
3334817,F,HIS,,16/FA,,
3326616,M,WHI,,,,
3333057,F,AS,,16/FA,,
3325700,F,HIS,Y,15/FA,,Y
3333627,F,WHI,,,16/SP,
3351333,F,AS,Y,18/FA,,
3352421,M,HIS,,18/FA,,Y
3349580,F,WHI,,18/FA,,
3348717,M,WHI,,18/FA,,Y
3341410,M,WHI,,17/FA,,
2923757,F,WHI,,,,
3342136,F,WHI,,17/FA,,Y
3352204,F,HIS,,,18/FA,Y
3350374,M,WHI,,18/FA,,
3332302,M,WHI,,16/FA,,
3314075,F,WHI,,17/FA,,
3342829,M,WHI,,17/FA,,
3348651,M,WHI,,18/FA,,
3333209,F,HIS,,,17/FA,
3342803,M,WHI,,17/FA,,
3323582,F,WHI,,15/FA,,
3347989,F,WHI,,18/FA,,
3354218,F,HIS,Y,,18/FA,
3333715,F,HIS,,16/FA,,Y
3324329,F,HIS,Y,15/FA,,Y
3341900,F,HIS,,17/FA,,
3348305,F,HIS,,18/FA,,
3333240,M,WHI,,17/FA,,
3341075,M,WHI,,17/FA,,
3348035,F,WHI,,18/FA,,
3341230,F,WHI,,17/FA,,
3331605,F,HIS,,16/FA,,
3332286,F,WHI,,16/FA,,
3332296,F,WHI,,16/FA,,
3333365,M,WHI,,16/FA,,
3342777,M,WHI,,17/FA,,
3350152,M,HIS,,18/FA,,
3350545,M,WHI,,18/FA,,
3349505,F,WHI,,18/FA,,
3332268,F,HIS,,16/FA,,
3350441,M,HIS,,18/FA,,
3347880,M,WHI,,18/FA,,
3352244,M,WHI,Y,18/FA,,
3331439,M,WHI,,18/FA,,
3323060,F,WHI,,15/FA,,
3335577,M,WHI,,16/FA,,
3340063,F,WHI,,17/FA,,
3348942,M,WHI,,18/FA,,
3351733,M,HIS,Y,18/FA,,Y
3340630,F,AS,,17/FA,,
3339473,F,WHI,,17/FA,,
3341723,F,BL,Y,17/FA,,Y
3348915,F,MUL,Y,18/FA,,
3332630,F,WHI,,16/FA,,
3324519,M,WHI,,15/FA,,
3340487,F,WHI,,17/FA,,
3348512,F,WHI,,18/FA,,
3336271,M,WHI,,16/FA,,
3349306,F,WHI,,,18/SP,
3332510,F,WHI,,16/FA,,
3325581,F,WHI,,15/FA,,Y
3339384,M,WHI,,17/FA,,
3344943,F,MUL,,17/FA,,
3314533,F,WHI,,16/FA,,
3339041,F,HIS,,17/FA,,Y
2924087,F,HIS,Y,,,Y
3332685,M,HIS,,16/FA,,
3327569,M,BL,,15/FA,,Y
3350795,F,WHI,,18/FA,,
3350165,M,WHI,,18/FA,,
3350426,M,MUL,,18/FA,,Y
3348386,M,AS,,18/FA,,
3347415,F,WHI,,18/FA,,
3340412,F,HIS,,17/FA,,
3342478,F,HIS,,17/FA,,Y
3354115,M,HIS,,,18/FA,
3340790,M,HIS,Y,17/FA,,
3339980,M,HIS,,17/FA,,
3324605,F,HIS,Y,15/FA,,Y
3323838,F,WHI,,15/FA,,
3350530,F,WHI,Y,18/FA,,Y
3328586,F,WHI,,16/FA,,
3330808,F,HIS,,16/FA,,
3338892,F,HIS,Y,17/FA,,
3331794,M,BL,,16/FA,,
3352314,M,WHI,,18/FA,,
3333536,F,WHI,,16/FA,,
3350169,M,WHI,,18/FA,,
3348990,M,BL,,18/FA,,
3341819,F,WHI,,17/FA,,Y
3340285,F,HIS,,17/FA,,
3334584,F,WHI,,16/FA,,
3350302,M,WHI,,18/FA,,
3343343,F,WHI,Y,17/FA,,
3339969,F,HIS,,17/FA,,Y
3349124,F,HIS,Y,18/FA,,Y
3343863,F,HIS,,17/FA,,Y
3335875,F,HIS,Y,16/FA,,Y
3347000,F,WHI,,18/FA,,
3348254,F,WHI,,18/FA,,
3350456,M,WHI,,18/FA,,
3340643,F,BL,,17/FA,,
3346944,M,WHI,,18/FA,,
3326408,M,WHI,,15/FA,,
3348839,M,BL,,18/FA,,Y
3331406,F,WHI,,16/FA,,
3351475,F,WHI,Y,18/FA,,Y
3333465,F,HIS,,16/FA,,
3333912,F,WHI,,16/FA,,
3353346,M,HIS,Y,18/FA,,
3327270,F,HIS,,15/FA,,
3331826,F,HIS,,16/FA,,
3349589,F,HIS,,18/FA,,
3342586,F,WHI,,17/FA,,
3323763,F,WHI,Y,15/FA,,Y
3350954,M,WHI,,18/FA,,Y
3325626,M,BL,,,,Y
3323701,M,WHI,,15/FA,,
3347544,F,WHI,Y,18/FA,,Y
3347553,M,MUL,Y,,18/FA,Y
3331201,F,WHI,,16/FA,,
3338347,F,WHI,,17/FA,,
3323765,F,HIS,Y,15/FA,,
3350204,F,HIS,Y,18/FA,,Y
3324416,M,HIS,,15/FA,,
3324687,F,HIS,,15/FA,,Y
3334442,F,HIS,,16/FA,,Y
3352300,F,WHI,Y,18/FA,,Y
3339759,F,WHI,Y,,17/SP,Y
3325628,M,WHI,,15/FA,,
3351374,F,HIS,,18/FA,,Y
3329783,M,HIS,,15/FA,,Y
2913350,F,WHI,,18/FA,,
3331543,F,HIS,,16/FA,,
3341587,M,HIS,Y,17/FA,,
3323975,F,HIS,,15/FA,,
3348446,F,AS,,18/FA,,
3336235,F,WHI,,,16/FA,Y
3324609,M,WHI,Y,15/FA,,Y
3351587,F,WHI,,,18/FA,
3332674,M,HIS,,17/FA,,
3349377,F,WHI,,18/FA,,
3324919,M,HIS,Y,,,Y
3348852,M,WHI,,18/FA,,
3333022,M,WHI,,16/FA,,
3322822,M,WHI,,15/FA,,
3347490,F,WHI,,18/FA,,
3339757,F,UNK,,17/FA,,
3335780,M,WHI,,16/FA,,
3347134,F,WHI,,18/FA,,
3348762,F,WHI,,18/FA,,
3339476,F,HIS,,17/FA,,
3321668,F,WHI,,15/FA,,
3347261,M,WHI,,18/FA,,
3325066,F,HIS,,15/FA,,
3323014,F,WHI,,15/FA,,
3352363,F,HIS,,18/FA,,Y
3342165,F,HIS,,17/FA,,Y
3340170,F,HIS,Y,17/FA,,
3333512,M,HIS,,16/FA,,Y
3351266,F,AS,,18/FA,,
3349822,M,WHI,Y,18/FA,,Y
3340241,F,WHI,Y,17/FA,,Y
3302297,F,HIS,Y,18/FA,,Y
3305123,F,HIS,Y,15/FA,,Y
3327734,F,HIS,Y,18/FA,,Y
3351215,F,HIS,,18/FA,,
3331131,M,WHI,,16/FA,,
3350726,M,MUL,,18/FA,,Y
3349916,F,WHI,,18/FA,,
3352684,M,HIS,Y,18/FA,,Y
3332159,M,WHI,,16/FA,,
3349303,M,WHI,,18/FA,,
3325466,F,WHI,,15/FA,,
3349035,F,AS,,18/FA,,
3337650,F,WHI,,,16/FA,
3334376,F,WHI,,16/FA,,
3316612,M,WHI,Y,14/FA,,
3341786,F,WHI,,18/FA,,Y
3336881,M,WHI,,16/FA,,
3347837,M,HIS,,18/FA,,
3349208,M,WHI,,18/FA,,
3350710,F,WHI,,18/FA,,
3323981,F,HIS,,,,Y
3329953,M,WHI,,,15/FA,
3351828,M,WHI,,18/FA,,
3331873,F,HIS,,,16/SP,Y
3333600,M,WHI,,16/FA,,
3333428,F,HIS,,16/FA,,
3328561,F,WHI,,16/FA,,
3342342,M,WHI,,17/FA,,
3346705,F,WHI,,18/FA,,
3340582,M,WHI,,17/FA,,
3326869,F,WHI,,15/FA,,
3323772,M,WHI,,15/FA,,
3307992,F,WHI,,,,Y
3330423,F,WHI,,16/FA,,
3332409,M,WHI,,16/FA,,
3350798,F,AN,,18/FA,,Y
2924090,M,WHI,,15/FA,,
3317169,M,HIS,,14/FA,,
3335529,F,WHI,,16/FA,,
3333548,M,HIS,Y,16/FA,,
3342003,F,WHI,,17/FA,,
3351845,M,BL,,18/FA,,Y
3344188,M,AS,,17/FA,,
3350377,F,WHI,,18/FA,,
3344523,F,WHI,Y,17/FA,,
3342241,M,WHI,,17/FA,,
3347637,M,WHI,,18/FA,,
3341458,M,WHI,Y,17/FA,,
2899672,M,HIS,,18/FA,,
3334999,M,WHI,,,16/FA,Y
1287157,F,WHI,Y,,,
3347226,F,WHI,,18/FA,,
3314023,F,WHI,,15/FA,,
3348480,F,NRA,,18/FA,,
3324118,F,WHI,,15/FA,,
3348752,M,WHI,,18/FA,,
3336077,M,BL,,16/FA,,Y
3349428,F,HIS,,18/FA,,
3323983,F,WHI,,15/FA,,
3333527,F,WHI,,16/FA,,
3324221,F,HIS,Y,15/FA,,Y
3323600,M,WHI,,15/FA,,
3333397,M,WHI,,,,
3339065,M,WHI,,17/FA,,
3333167,F,WHI,,16/FA,,
3340007,F,WHI,,17/FA,,
3326943,F,HIS,,15/FA,,
3333894,F,WHI,,16/FA,,
3322978,M,WHI,,15/FA,,
3343803,M,WHI,Y,17/FA,,
3321893,F,WHI,,15/FA,,
3347129,M,WHI,,18/FA,,
3347236,M,WHI,,18/FA,,
3331804,M,MUL,,16/FA,,
3333194,M,WHI,,16/FA,,Y
3330618,F,WHI,,18/FA,,
3327327,F,WHI,,,15/FA,Y
3331255,M,WHI,,16/FA,,
3347727,M,WHI,,18/FA,,
3349286,M,WHI,,18/FA,,
3347564,F,WHI,Y,18/FA,,Y
2886440,M,MUL,,17/FA,,
3314072,F,WHI,,15/FA,,
3351059,M,WHI,Y,18/FA,,
3342020,M,WHI,,17/FA,,Y
3354513,F,AS,Y,,18/FA,Y
3352313,F,HIS,Y,18/FA,,Y
3334610,F,HIS,,16/FA,,Y
3335242,M,HIS,Y,16/FA,,Y
3326896,F,HIS,Y,15/FA,,Y
3323773,M,WHI,,15/FA,,
3344568,M,WHI,Y,17/FA,,
3335327,M,WHI,,16/FA,,
3340750,F,WHI,,17/FA,,
3344808,F,WHI,Y,,17/FA,Y
3322482,F,HIS,,15/FA,,
3332003,M,WHI,,16/FA,,
3347926,M,WHI,,18/FA,,
3332306,F,WHI,,16/FA,,
3349842,F,UNK,,18/FA,,
3349661,F,WHI,,18/FA,,
3338988,M,WHI,,17/FA,,
3323867,M,WHI,,15/FA,,Y
3338598,F,WHI,,,,
3331790,F,WHI,,16/FA,,
3352395,M,WHI,,,18/FA,
3352229,F,HIS,Y,18/FA,,
3345209,M,UNK,,,17/FA,
3339527,F,HIS,,17/FA,,
3350444,M,WHI,,18/FA,,
3329189,M,WHI,,16/FA,,
3333875,M,BL,,16/FA,,Y
3352267,M,MUL,,18/FA,,Y
3350567,F,MUL,Y,18/FA,,
3348038,M,WHI,,18/FA,,
3343331,M,WHI,Y,17/FA,,
3323016,F,WHI,,15/FA,,
3317230,M,WHI,,14/FA,,
3346840,F,WHI,,18/FA,,
3351323,M,WHI,,18/FA,,Y
3343696,M,WHI,Y,17/FA,,
3333274,M,WHI,,16/FA,,
3349414,F,WHI,,18/FA,,
3347988,F,WHI,,18/FA,,
3348898,F,WHI,,18/FA,,
3334732,F,WHI,Y,16/FA,,Y
3326946,M,MUL,,15/FA,,
3341607,F,WHI,,17/FA,,
3351927,M,HIS,,18/FA,,
3339727,M,HIS,,17/FA,,
3327186,M,MUL,,15/FA,,
3338612,F,WHI,,17/FA,,
3342745,F,NRA,,17/FA,,
3347317,M,WHI,Y,18/FA,,
3349797,M,NRA,,18/FA,,
3341957,M,MUL,,17/FA,,
3322674,M,WHI,Y,15/FA,,
3325510,M,WHI,,,,
3327793,M,AS,,,15/FA,
3326669,M,MUL,,15/FA,,
3323774,F,AS,,15/FA,,
3322366,F,WHI,,15/FA,,
3345571,M,WHI,,17/FA,,Y
3330890,M,HIS,,16/FA,,
3349889,F,WHI,,18/FA,,
2876644,F,WHI,,16/FA,,
2858441,F,WHI,,18/FA,,
3338228,F,WHI,,,16/FA,
3351769,M,WHI,,18/FA,,
3346287,F,WHI,Y,,17/FA,
3349644,F,WHI,Y,18/FA,,Y
3338972,F,WHI,,17/FA,,
3348368,M,WHI,,18/FA,,
2915185,M,WHI,,15/FA,,
3340697,F,WHI,,,18/FA,
3322601,F,MUL,,15/FA,,
3339453,M,WHI,Y,17/FA,,
3342398,F,WHI,,17/FA,,
3322484,F,WHI,Y,,15/SP,Y
3350187,F,WHI,,18/FA,,
3349380,F,WHI,,18/FA,,
3334302,F,BL,,16/FA,,Y
3339480,M,WHI,,17/FA,,
3339524,F,HIS,,17/FA,,
3342678,M,HIS,,17/FA,,
3335845,F,HIS,,16/FA,,
3341597,M,WHI,,,17/SP,
3351112,M,WHI,Y,18/FA,,
3352606,F,AS,,18/FA,,
3348244,M,BL,,18/FA,,
3333290,M,WHI,,16/FA,,
3326837,F,HIS,,15/FA,,Y
3335256,F,HIS,Y,16/FA,,Y
3339627,F,WHI,,17/FA,,
3327217,F,WHI,Y,15/FA,,Y
3347842,F,WHI,,18/FA,,
3339587,F,WHI,,17/FA,,
3351109,M,WHI,,18/FA,,
3324701,F,WHI,,15/FA,,
3348391,F,HIS,,18/FA,,
3349694,F,WHI,,18/FA,,
3350502,F,HIS,Y,18/FA,,
3324340,F,WHI,,15/FA,,
3330427,F,WHI,,16/FA,,Y
3341954,M,WHI,,17/FA,,
3326782,M,WHI,,15/FA,,
3344012,M,WHI,,,17/FA,
3350520,M,HIS,,18/FA,,Y
3347627,F,WHI,,18/FA,,
3324046,M,WHI,,15/FA,,
3342072,F,WHI,,17/FA,,
3333417,F,WHI,,16/FA,,
3325512,M,HIS,,15/FA,,
3333472,M,HIS,,16/FA,,Y
3326562,M,HIS,,15/FA,,
3349635,F,HIS,Y,18/FA,,Y
3342148,M,WHI,,17/FA,,
3353145,F,WHI,,,18/FA,Y
3341051,F,WHI,,17/FA,,
3324425,M,HIS,Y,15/FA,,Y
3332303,F,HIS,Y,16/FA,,
3348609,M,HIS,,18/FA,,
3352488,M,WHI,Y,18/FA,,
3330578,F,WHI,,,,Y
3331706,M,AS,,16/FA,,
3345587,M,WHI,Y,,17/FA,
3345585,F,WHI,,,17/FA,
3339225,M,HIS,,17/FA,,
2829385,F,WHI,,18/FA,,
2999018,M,WHI,,,18/FA,
3332912,F,WHI,,16/FA,,
3351914,M,WHI,,18/FA,,
3352145,F,HIS,,18/FA,,
3332935,F,WHI,,16/FA,,
3332017,M,WHI,,16/FA,,
3347559,M,HIS,,18/FA,,
3343463,F,WHI,Y,17/FA,,
3332852,F,WHI,,16/FA,,
3334888,F,WHI,,16/FA,,
3341784,M,WHI,,17/FA,,
3323781,M,WHI,,15/FA,,
3341426,F,WHI,,17/FA,,Y
3325537,F,AS,,15/FA,,
3326628,M,WHI,,15/FA,,
3347636,F,WHI,Y,,18/SP,Y
3323211,F,WHI,,15/FA,,
3338608,F,WHI,,18/FA,,
3350421,F,WHI,,18/FA,,
3334779,M,UNK,,16/FA,,
3322293,M,WHI,,15/FA,,
3339553,F,WHI,,17/FA,,
3310155,M,WHI,,13/FA,,
3345915,F,WHI,,,18/FA,
3333207,F,WHI,,16/FA,,
3335454,M,WHI,,16/FA,,
3331829,F,WHI,,16/FA,,
3331643,M,WHI,Y,,16/SP,Y
3334736,M,MUL,,16/FA,,Y
3347066,F,WHI,,18/FA,,
3324049,M,WHI,,15/FA,,
2907590,F,BL,,18/FA,,
3339601,F,AS,,17/FA,,
3344918,M,WHI,,17/FA,,
3351858,F,WHI,,,18/FA,
3342190,F,MUL,Y,17/FA,,Y
3342944,M,HIS,,17/FA,,
3331321,M,WHI,Y,16/FA,,
3341738,F,WHI,,17/FA,,
3336330,F,WHI,,16/FA,,
3322433,M,WHI,,15/FA,,
3349787,F,BL,,18/FA,,
3340012,M,WHI,,17/FA,,
3350207,M,NRA,,18/FA,,
2725413,M,WHI,,,,Y
3334653,M,BL,,16/FA,,Y
3342173,M,MUL,Y,17/FA,,Y
3322828,M,WHI,,15/FA,,Y
3333805,M,HIS,,16/FA,,
3348188,F,WHI,,18/FA,,
3348341,F,WHI,,18/FA,,
3333846,M,WHI,,16/FA,,
3344736,M,WHI,,,17/FA,
3352194,M,WHI,,18/FA,,
2897563,F,WHI,,18/FA,,
3353039,M,NRA,,18/FA,,
3338969,M,WHI,,17/FA,,
3321376,F,WHI,,15/FA,,
3350474,M,WHI,,18/FA,,
3350499,M,WHI,,18/FA,,
3324238,F,WHI,,15/FA,,
3339116,M,WHI,Y,17/FA,,Y
3344807,F,WHI,,17/FA,,
3349614,M,HIS,,18/FA,,
3322296,F,WHI,,15/FA,,
3332960,F,WHI,,16/FA,,
3334969,M,WHI,,16/FA,,Y
3325007,M,WHI,,15/FA,,
3350464,F,WHI,Y,18/FA,,
3317789,F,WHI,,14/FA,,
3326527,M,WHI,,15/FA,,
3317871,F,HIS,,15/FA,,
3332479,F,BL,,16/FA,,
3352872,F,WHI,,,18/FA,
3350106,F,WHI,,18/FA,,Y
3334481,M,WHI,,16/FA,,
3324428,F,WHI,,15/FA,,
3331350,M,WHI,,16/FA,,
3344895,F,AS,Y,,17/FA,Y
3341329,M,HIS,,17/FA,,
3330360,M,WHI,Y,16/FA,,Y
3331722,F,WHI,,16/FA,,
3332793,M,WHI,,,17/SP,
3349194,F,HIS,,18/FA,,Y
3348238,F,WHI,Y,18/FA,,
3332784,F,WHI,,16/FA,,
2913491,F,WHI,,15/FA,,
3268728,M,AS,,,,
3351988,M,WHI,,18/FA,,
3345940,M,HIS,,,17/FA,
3330818,M,WHI,,16/FA,,
3346953,M,WHI,,18/FA,,
3331869,F,WHI,,16/FA,,
3349619,M,WHI,,18/FA,,
3332243,M,WHI,,16/FA,,
3348189,M,HIS,Y,18/FA,,Y
3327446,F,WHI,,15/FA,,Y
2834013,F,WHI,,16/FA,,
